{"cameraMode":{"drawMode":0,"name":"Shaded","section":"Shading Mode"},"sceneLighting":true,"audioPlay":false,"sceneViewState":{"showFog":true,"showMaterialUpdate":true,"showSkybox":true,"showFlares":true,"showImageEffects":true,"showParticleSystems":true},"in2DMode":false,"pivot":{"x":603.1150512695313,"y":301.7291564941406,"z":19.767578125},"rotation":{"x":0.026391100138425828,"y":0.01949131488800049,"z":-0.000515085062943399,"w":0.9994615316390991},"size":916.8969116210938,"orthographic":false}