{"cameraMode":{"drawMode":0,"name":"Shaded","section":"Shading Mode"},"sceneLighting":false,"audioPlay":false,"sceneViewState":{"showFog":true,"showMaterialUpdate":true,"showSkybox":true,"showFlares":true,"showImageEffects":true,"showParticleSystems":true},"in2DMode":false,"pivot":{"x":27.08534812927246,"y":0.5042545795440674,"z":-45.90885925292969},"rotation":{"x":0.14689607918262483,"y":0.6579393744468689,"z":-0.13302850723266602,"w":0.7265265583992004},"size":2.8578829765319826,"orthographic":false}